분류,순위,쇼핑몰명,회사명,대표명,연락처,이메일,쇼핑몰URL,"특징,위치",solution
남성,1,슈퍼스타아이,㈜슈퍼스타아이,김대성,1661-6874,ds_fashion@naver.com,http://www.superstari.co.kr,경기도 의정부시 산단로 76번길 94 504호(용현동),makeshop
남성,2,아보키,㈜아보키스트,전인우,1588-8341,abokist@naver.com,http://www.aboki.net,경기도 성남시 분당구 서현동 306-3번지 3층 아보키,makeshop
남성,3,멋남,㈜ 부건에프엔씨,박준성,1688-6747,help@bugunfnc.com,http://www.mutnam.com,"서울특별시 금천구 디지털로 173 엘리시아 8,9,12층",cafe24
남성,4,조군샵,㈜ 조군,조안익,1599-3120,jogunshop@naver.com,http://www.jogunshop.com,경기도 부천시 원미구 중동 1086-2 6층 조군샵,makeshop
남성,5,애즈클로,애즈클로,"서홍일, 서지우",070-4477-9922,hi880515@naver.com,http://www.asclo.com,서울특별시 성동구 청계천로 468 3층,cafe24
남성,6,훈스,㈜ 유인컴퍼니,유재갑,1599-1793,yuin14@naver.com,http://www.hun-s.com/index.html,경기도 하남시 창우동 420-2,cafe24
남성,7,비바스튜디오,㈜ 비바스튜디오,"이영민,허태영",070-8111-5966,vivastudio.marketers@gmail.com,http://www.vivastudio.co.kr,서울특별시 광진구 아차산로 26길 20,cafe24
남성,8,미스터스트릿,MRS,두영재,1833-9940,ssojucan@nate.com,http://mr-s.co.kr,"서울특별시 중구 난계로 185(황학동, 제이앰플러스빌딩 4층)",cafe24
남성,9,토모나리,㈜ 티지인터내셔널,김태오,1544-2205,master@tomonari.co.kr,http://www.tomonari.co.kr,경기도 남양주시 별내동 704-2 토모나리,makeshop
남성,10,모던이프,㈜ 모던이프,장재원,1522-4953,,http://www.modernif.co.kr,경기도 수원시 팔당구 인계로 94번길 26 8층,cafe24
남성,11,오까네,㈜티디에이치컴퍼니,황의철,1899-9023,tdh2725@naver.com,http://www.okkane.co.kr,서울특별시 동대문구 청량리동 40,makeshop
남성,12,키작은남자,㈜ 패션홀릭,권명일,1688-4758,,http://smallman.co.kr,북구 침산로 124 P&A빌딩 3층,cafe24
남성,13,이희은 닷컴,㈜ 이희은,이희은,1666-1942,yiheeeun@naver.com,http://www.leeheeeun.com,"서울 강북구 월계로 37길 21, 4층 이희은닷컴",cafe24
남성,14,스타일맨,㈜ 아이엑스,이태권,1599-6069,ceo@styleman.kr,http://www.styleman.kr,대구광역시 중국 동덕로 36길 86 CJ대한통운 동인대리점,cafe24
남성,15,4XR,㈜ 티그린,"손일락,고윤수","1599-1916
070-5056-0072~3",4xrcompany@naver.com,http://www.4xr.co.kr,서울특별시 중구 다산로 14길 (신당동) 티그린,makeshop
남성,16,Flyday,㈜ 플라이데이,박연수,1544-4925,flydayco@gmail.com,http://www.flyday.co.kr,서울시 성북구 길음동 CJ길음1동 대리점 플라이데이 앞,cafe24
남성,17,머시따,㈜ CTO커뮤니케이션,윤제환,1688-6559,173cm@meosidda.com,http://www.meosidda.com,경기 의정부시 금오동 117-4번지 신라빌딩 2층,cafe24
남성,18,디엔써,㈜ 디에이앤코,김원영,1544-1375,danswer@d-answer.com,http://www.d-answer.com,서울시 성북구 석관동 58-283 CJ대한통운 A터미널 디앤써 앞,makeshop
남성,19,바이슬림,㈜ 더블오컴퍼니,"김경운,문흥성",1599-4389,byslimcom@nate.com,http://www.byslim.com,서울특별시 강서구 허준로 217 (가양동) 가양테크노타운 302호,cafe24
남성,20,롸킥스,㈜ 롸킥스,정현우,1600-1593,lakickz_kor@nate.com,http://lakickz.com,서울특별시 마포구 독막로 7길 64(서교동 1층),cafe24
남성,21,챔피온,㈜ 조스인터내셔널,조성웅,02-540-1950,cscenter@joesintl.com,http://championusa.kr,서울특별시 강남구 선릉로161길 19(신사동) 2층,cafe24
남성,22,어커버,㈜ 보다모어,손영덕,1522-1227,werow@acover.co.kr,http://acover.co.kr,서울시 성북구 삼양로 69번지 CJ대한통운 길음래미 대리점,cafe24
남성,23,붐스타일,㈜ 엘엔에스패션,신대훈,1599-6304,boom-style@hanmail.net,http://www.boom-style.com,경기도 의정부시 오목로 225번길 129 벽강프라자 5층,cafe24
남성,24,레드옴므,㈜ 우모어패럴,강경민,02-2238-2848,redhomme@hanmail.net,http://www.redhomme.com,서울특별시 동대문구 답십리로38길 13,cafe24
남성,25,후쿠부쿠로,후쿠부쿠로,조현석,"070-8666-7654
070-8666-7987",hukubukuroshop@gmail.com,http://hukubukuro.kr,부산광역시 부산진구 전포동 691-2 3층,cafe24
남성,26,라이풀,Layer.co.ltd,신찬호,02-511-7288,foni3@layercoltd.com,http://www.liful.co.kr,,makeshop
남성,27,바이모노,㈜ 썸타임,박수연,1599-2785,sy0406tj@naver.com,http://www.bymono.com,,cafe24
남성,28,지니프,㈜ 디스카운트,이동환,1577-6654,,http://www.zinif.com,제휴문의창 에러,another solution
남성,29,에버프리,㈜ 에버프리,"김한경, 현종호",02-436-1009,yam0513@naver.com,http://everfree.co.kr,,makeshop
남성,30,하이파이펑크,HI FI FNK,김맹호,070-4225-8518,aodgh555@naver.com,http://hififnk.kr,오프라인 매장 운영,cafe24
남성,31,디스코제이,㈜ 디스코제이,김현수,010-3400-2670,brokenwings1@naver.com,http://www.disco-j.co.kr,,cafe24
남성,32,자댕,㈜ 자뎅,박영미,051-512-0631,zardins10@naver.com,http://www.zardins.com,,cafe24
남성,33,고피플,㈜ 고피플,안치형,041-579-3720,chi3340@naver.com,http://www.gopeople.co.kr,,cafe24
남성,34,라우코하우스,㈜ 라우코하우스,"나경용, 김민우",070-7677-7554,,http://raucohouse.com,,cafe24
남성,35,아임낫어휴먼비잉,㈜ 롸킥스,정현우,02-332-1883,humanbeingkorea@nate.com,http://iamnotahumanbeing.com,롸킥스 회사(20위) 소유,cafe24
남성,36,스나이퍼샵,스나이퍼샵,김형근,1522-4570,hyungken1@naver.com,http://www.snipershop.co.kr/,세부 필터링 기능(참고사이트),cafe24
남성,37,락커룸,urban717,신동성,1666-1239,s812012s@nate.com,http://www.locker-room.co.kr,,cafe24
남성,38,더바운스,더바운스,이민재,02-322-4573,thebounce123@naver.com,http://thebounce.co.kr,오프라인 매장 운영,cafe24
남성,39,오쿤,오쿤,오정규,1544-5983,okuunman@naver.com,http://www.okun.co.kr,,cafe24
남성,40,코리안어패럴,코리안어패럴,이근우,1833-5683,koreanapparel@daum.net,http://www.koreanapparel.co.kr/,,makeshop
남성,41,티아그,티아그,김의섭,070-7794-6884,uisangka@naver.com,http://www.tiag.co.kr/,,cafe24
남성,42,바이흰티,hyun-T,안정태,070-7518+1516,hyun_t@naver.com,http://www.hyn-t.com/,,cafe24
남성,43,주카스페이스,MANb Company,차인식,070-7424-5263,cds5233@naver.com,http://zucaspace.com/,,cafe24
남성,44,낙타스타일,THE 낙타스타일,김주연,1661-0109,kjysim0503@naver.com,http://www.naktastyle.com/,,cafe24
남성,45,유로옴므,엠제이 컴퍼니,이명준,1688-0375,eurohomme@nate.com,http://www.eurohomme.co.kr/,,cafe24
남성,46,맨즈캐슬,맨즈케슬,서태훈,070-7630-5061,power562@naver.com,http://www.mens-castle.co.kr/,,cafe24
남성,47,비시크,㈜ 비시크,전우석,02-1661-1103,,http://www.bechic.co.kr/,,cafe24
남성,48,나뽀,NB Company,이임순,1688-0915,ldh1061@hanmail.net,http://nabbo.co.kr/,,cafe24
남성,49,프리즘웍스,프리즘웍스,"황호준, 안종혁",070-4063-4692,anssi07@naver.com,http://frizm.co.kr/,,cafe24
남성,50,똥파리닷컴,유진,김유진,070-7608-7379,youjin5814@naver.com,http://www.dungfly.com/,,makeshop
남성,51,루이르,엘컴퍼니,김현정,02-1800-9101,luireoo@naver.com,http://luire.co.kr/,,makeshop
남성,52,멜룸,멜룸,이동원,070-7774-4241,maleroom@naver.com,http://www.maleroom.co.kr/,,cafe24
남성,53,게리오,씨비제이스타일컴퍼니,최병진,1544-3668,gerio@gerio.co.kr,http://www.gerio.co.kr/,,makeshop
남성,54,모엔,모옌&헨느,서호상,070-4632-0281,moyenstore@gmail.com,http://www.moyen.co.kr/,,cafe24
남성,55,맨인스토어,맨인스토어,윤영준,031-510-1035,maninstore@naver.com,http://www.maninstore.co.kr/,,cafe24
남성,56,바이더알,(주) 바이더알,이인원,02-2233-7774,byther@naver.com,http://byther.co.kr/,,cafe24
남성,57,오비토,오비토,오현우,070-5044-9268,oabito@naver.com,http://oabito.com/,,cafe24
남성,58,페어플레이,이프엠제이 인터내셔널,강일훈,02-1644-1429,,http://fairplay142.com/,,makeshop
남성,59,홈브로,?홍 프로젝트,홍현의,070-7677-2560,,http://www.hongbro.com/,,cafe24
남성,60,말배추,젠틀폭스,배기연,070-4195-7789,master@gentlefox.co.kr,http://www.horsecabbage.com/,,cafe24
남성,61,퓨에르옴므,와이에스어패럴,오윤상,1688-5717,help@puerhomme.co.kr,http://www.puerhomme.co.kr/,,cafe24
남성,62,고민남,고민남,최수진,070-8614-8396,,http://gominnam.co.kr/,,makeshop
남성,63,홀리건,홀리건,이은욱,070-8106-8486,dlvoovlb@naver.com,http://holigan.co.kr/,,cafe24
남성,64,파탈앤트,파탈앤트,고영진,010-579-0917,ko2hand@naver.com,http://fatalant.co.kr/,,cafe24
남성,65,엘가노벰버,엘가,김형주,02-921-8777,elganovember@naver.com,http://www.elganovember.com/,,cafe24
남성,66,크리틱,굿네이션,이대웅/박현우,1566-6312,help@goodnation.co.kr,http://criticwear.com/main/,,cafe24
남성,67,엘옴므,,,,,,,request x
남성,68,자비노,자비노,방솔휘,010-2718-1896,zavino@naver.com,http://zavino.co.kr/,,cafe24
남성,69,제이브로스,제이브로스,김석중,1661-4668,,http://www.jbros.co.kr/,,cafe24
남성,70,빅사이즈닷컴,빅사이즈클럽,박지순,02-6223-9530,qlrtkdlwm77@naver.com,http://bigsizeclub.co.kr/,,makeshop
남성,71,158번지,158번지,"이소영,양지현",070-8836-058,158bunzi@naver.com,http://www.158bunzi.com/,,cafe24
남성,72,빡선생,빡선생,정재욱,02-391-4121,boxsensei@gmail.com,http://www.boxsensei.com/,,cafe24
남성,73,스타일옴므,반모어코리아,정인수,1661-0426,stylehomme@stylehomme.com,http://stylehomme.com/,,cafe24
남성,74,허밍슈퍼,화이트트리,김고아민,1544-9837,hummingsuper_@naver.com,http://www.hummingsuper.com/,,cafe24
남성,75,스타일마트,stylemart,신요한,070-7750-4425,stylemart0@naver.com,http://www.style-mart.co.kr/,,cafe24
남성,76,레이저빔,레이저빔,윤정견,1522-2329,,http://laserbim.com/,,makeshop
남성,77,오대오,오대오,정혜윤,070-8253-9583,hyeyun4798@naver.com,http://www.5vs5.co.kr/,,cafe24
남성,78,프로인드,프로인드,이태현,031-407-0501,freundmarket@naver.com,http://www.freund.co.kr/,,cafe24
남성,79,독보남,독보남,최규원,1522-5143,dokbonam@naver.com,http://dokbonam.com/,,cafe24
남성,80,룩파인,㈜ 카페24,이든솔,070-4103-1206,info.lookpine@gmail.com,http://www.lookpine.com,,cafe24
남성,81,매료,매료,김동현,51-256-0701,maeryo_co@naver.com,http://www.maeryo.co.kr/,,cafe24
남성,82,퍼스트플로어,floor cooperation,최영환,1600-5176,floorcowork@gamil.com,http://firstfloor.co.kr/,,cafe24
남성,83,얼썸,얼썸,최한얼,1644-1445,all_thumb@naver.com,http://www.allthumb.co.kr/,,cafe24
남성,84,푸어시크,푸어시크,김은아,031-402-3798,poorchic_1@naver.com,http://poorchic.co.kr/,,cafe24
남성,85,더보이,더보이,조은혜,1544-7418,hyu0725@naver.com,http://www.theboy.co.kr/,,makeshop
남성,86,디제이2,마이클라씨,조정구,1599-8101,dj2model@naver.com,http://www.dj2.co.kr/,,cafe24
남성,87,비스킷버튼,비스킷버튼,정초록,070-8792-1072,biscuitgirl@naver.com,http://www.biscuitbutton.com/,,cafe24
남성,88,룩앤파이브,Look&Five,임진오,033-947-7888,dlawlsdh56@naver.com,http://www.looknfive.com/,,cafe24
남성,89,가온라벨,뷰티몬코리아,정명용,070-7680-7376,beatuymonkorea@gmail.com,http://www.gaonlabel.com/,,cafe24
남성,90,젠브로,젠브로,최형,02-2252-9807,chigud123@nate.com,http://zenbro.co.kr/,,cafe24
남성,91,캄므,캄므,김민수,1544-7167,ehrtnfl20002@naver.com,http://stcamme.com/,,cafe24
남성,92,헤누지,헤누지,지현우,070-4919-4845,wowgusdn@nate.com,http://henuzy.com/,,makeshop
남성,93,넙버세븐,세븐컴퍼니,이동현,02-547-0603,no7@no7.co.kr,http://www.no7.co.kr/,,cafe24
남성,94,골든보이,골든보이,신성만,070-7869-1909,nn11011@naver.com,http://www.goldenbo2.com/,부산광역시 연제구,cafe24
남성,95,블랙바나나,블랙바나나,황혜원,070-7521-7494,hhw7497@hanmail.net,http://www.bkbanana.com/,대전광역시 중구,cafe24
남성,96,다이타,다이타,김남순,070-8721-0788,daita10@naver.com,http://daita.co.kr/,부산 해운대구,makeshop
남성,97,람스,람스,이우람,070-4252-1717,dldnf13@hanmail.net,http://www.ram-s.com/,서울 성동구,cafe24
남성,98,벨크만,경호어패럴,강경호,02-3394-8625,belkman@naver.com,http://belkman.com/,서울 강남구,cafe24
남성,99,웨얼하우스,웨얼하우스,최태훈,02-469-1793,kakaotalk@wherehousekr,http://www.wherehouse.co.kr/,서울 강남구,makeshop
남성,100,알렌디노,Allendino,이재연,070-4238-8820,allendino@naver.com,http://www.allendino.com,천안시 동남구,makeshop
남성,101,더블랙마켓,더블랙마켓,함잎새,02-953-0055,ceo@theblackmarket.co.kr,http://www.theblackmarket.co.kr/,서울 성북구,cafe24
남성,102,알로디,알로디,임동준,070-8801-3962,hellozzd@naver.com,http://www.allo-d.co.kr/,서울 강서구,cafe24
남성,103,조스타,조스타,조성호,062-413-2052,manzcloset@naver.com,http://www.josta.co.kr/,광주 남구,cafe24
남성,104,던티비,에스앤아이,이다연,02-518-7470,dontb1979@naver.com,http://dontb.co.kr/,서울 도봉구,cafe24
남성,105,줌인샵,줌인샵,"김종인,김현희",070-8150-8271,zoominshop@naver.com,http://www.zoom-inshop.com/,고양 일산동구,cafe24
남성,106,테이크어스트릿,테이크어스트리트,박호숙,02-337-2090,jgbae1020@hanmail.net,http://www.takeastreet.com/,서울 마포구,cafe24
남성,107,듀드나인,듀드나인,"오윤일,문강혁",070-8739-2292,gjmkh1@naver.com,http://www.dude9.com/,서울 성북구,cafe24
남성,108,스타일헬퍼,스타일헬퍼,주다빈,010-9634-8816,style_helper@naver.com,http://stylehelper.co.kr/,서울 송파구,request x
남성,109,브랜디드,브랜디드 인더스트리,김우용,1800-8534,theconic@naver.com,http://brandedmall.co.kr/,대구 중구,cafe24
남성,110,복학생닷컴,복학생닷컴,김민성,02-443-4319,ameba_@naver.com,http://bokhaksaeng.com,서울 중랑구,request x
남성,111,블루포스,블루포스,박주경,02-447-5530,,http://www.blueforce.co.kr,서울 성동구,makeshop
남성,112,젠틀라이프,피플앤드림,김정웅,1670-5646,lby2312@naver.com,http://gentlelife.co.kr/,서울 관악구,cafe24
남성,113,도쿄빌라,에르난홀딩스,박지영,070-5025-0476,pykzzp2@naver.com,http://www.tokyobilla.com/,서울 마포구,cafe24
남성,114,게스통,게스통,조영아,1661-2195,,http://www.gasstong.com/,경기도 하남시,makeshop
남성,115,시크업,시크업,박경훈,02-928-8918,chicupp@naver.com,http://chic-up.co.kr/,서울 성북구,cafe24
남성,116,배간지,배간지,방규상,02-2252-4669,bkszz@naver.com,http://www.beganji.com/,서울 동대문구,makeshop
남성,117,로스트가든,로스트가든,김일형,02-826-9964,lostgarden01@naver.com,http://www.lostgarden.co.kr/,서울 마포구,cafe24
남성,118,맨스스토어,맨스스토어,전원섭,070-8683-8731,wsmensstore@naver.com,http://www.mensstore.co.kr/,서울 종로구,cafe24
남성,119,햄스타일,햄스타일,김민식,010-6503-8870,gustlrrj131@gmail.com,http://hamstyle.co.kr/,경기도 수원시,cafe24
남성,120,이태원몰,이태원몰,김동식,010-8911-3183,ehdtlrna@naver.com,http://itaewonmall.com/,서울 용산구,makeshop
남성,121,네임벨류,네임벨류,권민수,070-8732-9197,namevalue_co@naver.com,http://namevalue.co.kr/,경북 경산시,cafe24
남성,122,일스80,팔공어패럴,장지훈,070-4845-8881,goodjbr91@naver.com,http://www.eels80.com/,서울 강북구,cafe24
남성,123,바나나핏,웰쇼드컴퍼니,최환석,070-4207-9245,bananafitkorea@gmail.com,http://www.bananafit.co.kr/,경기도 부천시,cafe24
남성,124,맨샵,맨샵,권태삼,1566-5208,vega32@naver.com,http://www.menshop.co.kr/,서울 중랑구,cafe24
남성,125,핫붐,제이오에스,오은주,1644-7235,hotboomst@naver.com,http://www.hotboom.co.kr/,광주 동구,makeshop
남성,126,인크로,인크로,박준영,070-4205-2346,,http://in-cro.co.kr/,강원도 강릉,another solution
남성,127,콤마즈인엠,콤마즈인엠,박해날,070-8234-0527,commasinem@nate.com,http://commasinem.com/,서울 성북구,cafe24
남성,128,어베인유,어베인유,홍범화,010-9543-1997,kin5648@naver.com,http://www.urbaneyou.co.kr/,서울 중랑구,cafe24
남성,129,에이핏,에이핏,윤종목,02-6080-7952,kongmok@naver.com,http://www.afit.co.kr/,서울 중랑구,makeshop
남성,130,미토샵,미토샵,박명수,1899-9828,boss@mitoshop.co.kr,http://www.mitoshop.co.kr/,경기도 성남,cafe24
남성,131,멘스룩,제이엔에스 컴퍼니,정지성,1661-7425,menslook_@naver.com,http://www.menslook.co.kr/,경기도 의정부시,cafe24
남성,132,더 니티드,니티드,김홍일,1800-6346,khi0411@naver.com,http://knitted.co.kr/,부산 부산진구,cafe24
남성,133,클레용,에스엘인터내셔널,김영식,1661-2186,help@clayong.com,http://www.clayong.com/,서울 종로구,makeshop
남성,134,김센스,김센스,김상준,070-7612-5943,c8kimsang@naver.com,http://www.kimsense.co.kr/,서울 동대문구,cafe24
남성,135,라벨엠,라벨엠,이제훈,02-1599-4929,labelm1@naver.com,http://www.labelm.co.kr/,서울 노원구,cafe24
남성,136,사쿤,쿤스,김미경,1544-0173,sakun@kuns.co.kr,http://sakun.co.kr/,서울 마포구,cafe24
남성,137,더액션,트렌드세터,반준호,1661-3169,fashionban@naver.com,http://www.theaction.co.kr/,서울 강북구,cafe24
남성,138,쇼간지,쇼간지,박혜미,070-7759-6222,djkek@naver.com,http://www.showganzi.com/,부산 남구,makeshop
남성,139,더모던,더모던,"성종환,박진용",070-7716-8787,the-modern@naver.com,http://www.themodern.co.kr/,서울 광진구,cafe24
남성,140,호빗타운,비제이에이와이,임병조,1544-6810,hobbittown@daum.net,http://hobbittown.co.kr/,대전 서구,cafe24
남성,141,어반스터프,어반스터프,윤영준,070-7516-625,info@urbanstoff.com,http://urbanstoff.com/,서울 동대문구,another solution
남성,142,하오칸,하오칸,양서환,010-2715-7055,,http://www.haokan.co.kr/,서울 강동구,cafe24
남성,143,로웰,로웰컴퍼니,김현승,010-4692-8530,rickbalmain@naver.com,http://lowell.co.kr/,광주 북구,cafe24
남성,144,더빌딩,콜롬보스,김소정,070-7778-8842,bycolombos@naver.com,http://www.thebuilding.co.kr/,경기도 고양시,makeshop
남성,145,블랙브라운,블랙브라운,최민규,1588-6768,blackbrown1@naver.com,http://www.blackbrown.kr/,서울 강남구,makeshop
남성,146,맨스판다,남자옷판다,연수정,070-8624-2680,annyysj@naver.com,http://www.menspanda.com/,서울 강북구,cafe24
남성,147,백스테이,비에프,김재한,02-6287-1218,bagstay@bagstay.kr,http://bagstay.co.kr/,서울 마포구,cafe24
남성,148,노멀코어,유로피안,김산호,042-254-5844,normalcore@naver.com,http://www.normalcore.co.kr/,대전 중구,request x
남성,149,나범아,아담클로젯,현재훈,032-666-2626,cs@nabuma.co.kr,http://www.nabuma.co.kr/,경기도 부천시,makeshop
남성,150,디스맨,디스맨,김경국,070-7626-9693,rudrnrdl12@naver.com,http://www.thisman.co.kr/,부산 북구,cafe24
남성,151,도쿄스나이퍼,도쿄스나이퍼,이윤희,1599-7371,meglyan2@naver.com,http://www.tokyosniper.com/,서울 동대문구,cafe24
남성,152,필루미네이트,필루미네이트,공경수,,filluminate@naver.com,http://filluminate.com/,서울 동대문구,cafe24
남성,153,칸슬러,카운슬러,김금숙,070-8822-8461,kansler@naver.com,http://www.kansler.co.kr/,경기도 의정부시,request x
남성,154,엘번드레스,엘번아이엔씨,김구,070-4201-8891,elvaninc@naver.com,http://www.elvandress.com/,서울 구로,another solution
남성,155,플로이츠,플로이츠,황성훈,070-4211-5985,hwang7655985@hanmail.net,http://www.floits.com/,부산 중구,cafe24
남성,156,베스티토,베스티토,박광수,070-7645-9897,,http://vestito.co.kr/,울산 중구,another solution
남성,157,켄지,켄지,양제현,1670-8958,didgoek@nate.com,http://www.kenzi.co.kr/,경기 남양주시,makeshop
남성,158,스타일장전,스타일장전,박현성,010-6424-7810,,http://stylejangjun.com/,인천 부평구,makeshop
남성,159,간지나라,아워클로즈,조은혜,070-5069-3413,hyu0725@naver.com,http://ganzinara.com/,광주 동구,cafe24
남성,160,젠틀안트,젠틀안트,이종환,1688-0562,abckingka@naver.com,http://www.greant.co.kr/,경상북도 포항시,cafe24
남성,161,땡큐브로,땡큐브로,최정훈,02-857-7005,sookkr86@nate.com,http://thankyoubro.com/,서울 금천구,cafe24
남성,162,포더스타일,어패럴라운지 더블유,심민정,02-463-0620,,http://forthestyle.com/,서울 성동구,cafe24
남성,163,더로이,더로이,박영미,070-4383-4161,hdj7100@naver.com,http://theroey.co.kr/,경상북도 구미시,cafe24
남성,164,어나더블랙,어나더블랙,조성오,070-5035-71452,josungoh123@naver.com,http://anotherblack.com/,서울 관악구,cafe24
남성,165,브로앤시스,브로앤시스,김지현,070-7647-0078,broandsis@naver.com,http://www.brotherandsister.co.kr/,경기도 군포시,makeshop
남성,166,던힐옴므,던힐옴므,고병현,070-8930-6245,,http://www.dunhillhomme.co.kr/,부산 부산진구,request x
남성,167,맨즈락커,맨즈락커,김태경,070-8830-0817,manslocker@naver.com,http://www.manslocker.com/,부산 사하구,cafe24
남성,168,크로시,크로시,김현우,02-742-0420,crosyfit@naver.com,http://www.crosyfit.com/,서울 성북구,cafe24
남성,169,큐보,큐보,박정기,02-6241-9961,,http://www.qvo.co.kr/,서울 서초구,cafe24
남성,170,트웬티나인,트웬티나인,이경목,070-4221-1402,leetec111@gmail.com,http://twentynine.co.kr/,서울 동대문구,cafe24
남성,171,비자레,비자레,정재문,010-5360-0602,,http://www.bizzare.co.kr/,부산 금정구,cafe24
남성,172,매드샵,매드샵,이지원,070-8800-2312,,http://www.madshop.or.kr/,서울 송파구,cafe24
남성,173,77.5,77.5,김정길,070-4278-1477,yateris@naver.com,http://www.77dot5.co.kr/,경기도 성남,cafe24
남성,174,블랙맨,비비컴퍼니,성정아,010-4043-0085,plusbag12@naver.com,http://www.black-man.co.kr/,인천 연수구,request x
남성,175,슈트맨,유정어패럴,박유정,070-8885-2188,suit_man@naver.com,http://www.suitman.co.kr/,대구 수성구,cafe24
남성,176,리멤버클릭,에쓰와이 어패럴,박시연,1688-9856,webmaster@rememberclick.com,http://www.rememberclick.com/,서울 동대문구,cafe24
남성,177,오까게,오까게,"이혜수,안대환",070-7526-2631,ohkkage@naver.com,http://www.ohkkage.com/,서울 강북구,cafe24
남성,178,더메이데이,더메이데이,박지훈,070-8182-0501,higepark@naver.com,http://www.the-mayday.com/,서울 동대문구,cafe24
남성,179,에쉬드블랙,에쉬드블랙,신현우,070-786-5589,ashed_black@naver.com,http://www.ashed-black.co.kr/,서울 마포구,cafe24
남성,180,찰리라이즈,찰리라이즈,형성민,02-6349-1006,,http://www.charly.co.kr/,서울 영등포구,cafe24
남성,181,다락방소년,다락방소년,김갑정,010-6367-6909,,http://www.darakbangboy.com/,경기도 의왕시,cafe24
남성,182,더블에잇,더블에잇,김동호,02-952-0414,xpcool@naver.com,http://www.eightxeight.co.kr/,서울 노원구,cafe24
남성,183,원스타일,코코유통,조영아,070-7492-0444,coco_outlet@naver.com,http://one-style.co.kr/,인천 연수구,another solution
남성,184,에디터샵,에디터,"심왕신,최종문",070-8259-4174,editor4174@naver.com,http://www.editorshop.co.kr/,서울 마포구,cafe24
남성,185,리틀타이거,리틀타이거,최형섭,02-535-3737,littletiger3@naver.com,http://www.littletiger.co.kr/,서울 서초구,cafe24
남성,186,레플맨,레플맨,서덕례,1670-8980,replman@naver.com,http://replman.com/,광주 동구,cafe24
남성,187,모즈룩,냉장고,양남순,070-8728-6639,hoya5@nate.com,http://modslook.com/,전북 익산시,cafe24
남성,188,에이런던,에이런던,배병우,070-8810-9510,alondon@naver.com,http://www.a-london.co.kr/,서울 동대문구,cafe24
남성,189,홍대1프로,홍대1프로,박규채,010-7415-9877,,http://www.hongdae1pro.com/,서울 양천구,cafe24
남성,190,제이스코어,제이스코어,윤성민,070-8704-5882,j_score@naver.com,http://jscore.kr/,경기도 부천시,makeshop
남성,191,싱어22,에스엔제이컴퍼니,배종원,070-8864-0702,hk_gogo@naver.com,http://singer22.co.kr/,서울 금천구,another solution
남성,192,리얼스트릿,리얼스트릿,이형석,1522-0497,real_street@naver.com,http://www.realstreet.co.kr/,서울 동대문구,cafe24
남성,193,마치파이브,마치파이브,이정자,02-1644-3542,kelso777@naver.com,http://march5.co.kr/,,cafe24
남성,194,그래버스,그래버스,박보윤,070-4007-1255,woguddl99@naver.com,http://www.grabber.co.kr/,부산시 수영구,cafe24
남성,195,타란토,타란토,조월진,070-8777-0408,madelkim@naver.com,http://www.taranto.co.kr/,경기도 안산시,cafe24
남성,196,모스트원,모스트원,김동준,010-2923-1555,,http://www.most1.net/,경기도 포천시,cafe24
남성,197,탐난다,탐난다,이수연,070-8803-4246,leessu87@naver.com,http://www.tam-nanda.com/,서울 동대문구,cafe24
남성,198,브로번,브로번,김남일,070-8727-0534,brobun@naver.com,http://www.brobun.co.kr/,경기도 성남시,request x
남성,199,6센티미터,6cm,김영일,070-7716-0060,yycheck@naver.com,http://6cm.co.kr/,인천 중구,cafe24
남성,200,빈티지302,빈티지302,정세영,02-749-0522,,http://www.vintage302.com/,서울 중구,request x
남성,201,조이옴므,조이옴므,박시창,1588-5228,joyhomme_ryu@naver.com,http://www.joyhomme.com/,서울 도봉구,another solution
남성,202,디모어,디모어,강희주,070-7818-7333,identia@naver.com,http://d-more.co.kr/,서울 동대문구,cafe24
남성,203,유비아,엘스컴퍼니,이상엽,070-8772-1387,lscompany93@naver.com,http://www.lluvia.co.kr/,경기도 평택시,cafe24
남성,204,알보,알보,이수연,070-7424-1800,,http://www.alvo.co.kr/,서울 동대문구,another solution
남성,205,어바웃엑스스몰,어바웃엑스스몰,이민재,032-678-1986,,http://www.aboutxs.co.kr,경기도 부천,cafe24
남성,206,노블래스R,노블래스R,엄태경,070-7857-0923,sky3eom@naver.com,http://noblesser.com/,서울시 광진구,another solution
남성,207,더마크,더마크,이경배,070-8741-2948,fanta7702@naver.com,http://www.themarc.co.kr/,인천 부평구,cafe24
남성,208,상지스,상지스,김지상,070-4100-5879,herokjs@nate.com,http://sangjis.co.kr/,서울시 중구,another solution
남성,209,월드와이드모드,월드와이드모드,강두환,070-8729-0007,kangdoohwan85@gmail.com,http://widemode.com/,수원,request x
남성,210,지큐옴므,지큐옴므,김은영,02-6409-2022,gqhomme@naver.com,http://www.gqhomme.com/,서울 중랑구,makeshop
남성,211,크로피나인,크로피나인,양은비,010-7195-5924,,http://clofee9.com/,성남,another solution
남성,212,단무지샵,나야코리아,김희원,070-8882-6765,win9246@naver.com,http://www.danmujishop.com/,경기도 광주,cafe24
남성,213,맨즈굿,에스디 코퍼레이션,노현석,070-8833-3338,bonaparte98@naver.com,http://www.manzgood.co.kr/,인천시 서구,cafe24
남성,214,에프컨셉,에프컨셉,나동현,032-883-5808,,http://www.fconcept.co.kr/,인천 중구,request x
남성,215,수트마켓,수트마켓,조정희,070-4045-3707,jung111hee@cafe24.com,http://www.thestaccato.com/,경기도 용인시,another solution
남성,216,긱베레,마르미이마지네,김소연,042-523-6677,marmiimmagine@gmail.com,http://choixxx.com/,대전시 서구,cafe24
남성,217,후니세탁소,버튼온,황정예,0506-503-1697,hjy9456@naver.com,http://hu-ni.co.kr,서울시 강남구,request x
남성,218,제로XERO,제로,박공휘,070-8623-9114,,http://www.xeroxero.co.kr/,서울시 노원구,cafe24
